PROFESSOR_NO,PROFESSOR_NAME,PROFESSOR_SSN,PROFESSOR_ADDRESS,DEPARTMENT_NO
P001,김진영,500530-1102646,"서울시 강서구 등촌1동 대동아파트103-704",052
P002,양윤필,670510-1158493,"서울시 광진구 하양동 111-12",017
P003,신원하,700808-1138187,"인천시 남동구 만수1동 삼한A 204-1102",039
P004,백옥현,530718-2119469,"경기도 연천군 군남면 옥계리 사서함 92-16",043
P005,조경숙,760326-2172045,"서울 강북구 수유1동 461-76",031
P006,김영주,720910-2160684,"경기도 용인시 구성면 언남리 341-7 상록빌라 2-1",052
P007,윤수현,670609-1151597,"경기도 파주시 적성면 구읍리 사서함 95-16",036
P008,홍순연,540101-1162083,"서울시 강남구 역삼동 826-24",022
P009,황헌중,651030-1172881,"서울시 은평구 신사1동 278-6 1층",021
P010,석경환,570315-1153913,"서울시 노원구 공릉 2동 공릉아파트 나동 205호",034
P011,이양희,720822-1139905,"서울 서초구 방배동 436-19",004
P012,유용석,530714-1142531,"경기도 성남시 분당구 야탑동 270 매화마을 화성빌리지 704-401",063
P013,이미경,741016-2103506,"경기도 성남시 수정구 수진2동 삼부아파트103-1505",005
P014,백은정,680228-2158747,"경기도 오산시 원동 한주A 101-103",063
P015,박주홍,580721-1110605,"경기도 포천군·읍 기지리 산호아파트 103-304",009
P016,이은선,680502-2168447,"대전시 중구 용두동 99-4 극동 늘푸른A 102-1033",034
P017,노인순,520602-2175769,"서울시 강동구 고덕1동 8단지 공무원아파트 807-302",008
P018,박재우,511016-1172491,"서울시 종로구 세종로 1번지 대통령경호실",040
P019,성수미,630329-2164116,"서울시 구로구 개봉본동 130-26 2618-0424",024
P020,장남희,451211-2124739,"서울시 마포구 공덕동 188-108 마포현대A 5-203",055
P021,김정연,640219-1151158,"서울 송파구 오금동 94 청일빌라 201호",058
P022,김민나,480218-2178805,"경기도 광명시 광명동159-39  월드빌라101호",027
P023,설주미,620225-2150958,"서울 성동구 용답동235-8 영축빌",028
P024,김현경,580105-2152957,"경기남양주 와부읍 도곡리 쌍용A 102-301",009
P025,홍남수,540304-1112251,"경기도 부천시 오정구 삼정동342-2",005
P026,이경석,650712-1121137,"서울서대문북가좌1동186-60 현대A 101동303호",011
P027,남명길,540103-1151241,"서울 동작구 사당1동 419-125 동산빌라301호",040
P028,김명석,780702-1112968,"서울 서대문구 북아현1동144-1 (계란집)",039
P029,제상철,800304-1139725,"서울 동대문구 휘경동126-9    23/2",002
P030,김하정,680717-1127036,"서울 용산구 이촌2동 시범아파트6동505호",051
P031,조영철,551011-1128999,"서울 강서구 화곡2동 166-23 천우아트빌 402호",042
P032,김은애,680212-2116803,"경기도 고양시 일산구 탄현동 탄현마을A 101-1006",051
P033,백양임,450215-2157723,"서울 영등포구 여의도동 53-12경성B/D 201호 (양자강)",058
P034,박태환,600704-1138184,"경기 안양시 만안구 석수1동373-3백조(A)202동506",026
P035,임진숙,640125-1143548,"서울 서대문구 홍은1동440-1   나동101호",005
P036,최귀화,700619-1127701,"서울 중랑구 망우1동163-62 그린빌라 가동103호",053
P037,박은미,670127-2107141,"경기도 구리시 인창동 아름마을 원일A 102-905",016
P038,송가영,610121-2132322,"서울 강남구 신사동 521-8",007
P039,조창주,710205-1135715,"서울 중구 신당2동432-811 금성빌라201호",045
P040,한은수,681210-1136165,"서울 영등포구 문래동3가16-25     13/11",055
P041,김봉건,710130-1106278,"서울 도구 도봉2동 서원A 103-1302",013
P042,정혜민,730123-2154987,"서울 강동구 천호1동18-174번지",056
P043,임정화,550802-2147267,"서울 강북구 미아4동49-53",049
P044,김해룡,610420-1173679,"경기 용인시 수지읍풍덕천리 동보3차(A)101-1411호",030
P045,정진정,481002-1118264,"경기 용인시 기흥읍 서천리700 서그내마을 SK아 107-1805",050
P046,박준호,721020-1139804,"경기 성남시 수정구 태평동7116번지24호",059
P047,이지호,570904-1174159,"서울 은평구 갈현1동285-84",052
P048,홍부철,540110-1133897,"서울 강북구 미아1동791-2166     7/2",060
P049,이은미,590401-2135186,"경기도 하남시 학암동6번지",032
P050,김선정,561222-2131346,"경기도 부천시 원미구 역곡2동28-16",001
P051,권귀빈,481022-1127584,"인천광역시 연수구 동춘동 풍림2차아파트104동505",004
P052,임해정,530617-1178417,"경기도 부천시 원미구 중2동 꿈마을A 1010동301호",NULL
P053,김기수,480613-2107771,"서울 서초구 방배1동322-1 내방하이츠201호",032
P054,변현주,510117-2105253,"서울 금천구 시흥본동880-40",017
P055,박연국,650722-1121526,"서울 서초구 원지동385-64",058
P056,강용진,650620-1133146,"서울 은평구 대조동39-30   24/7",057
P057,홍인표,590221-1144002,"서울 구로구 고척1동53-4 동아한신(A) 101동403호",028
P058,이협수,671224-1158811,"서울 동작구 흑석1동238-89  동림빌라301호",016
P059,김계선,521201-2171276,"관악구 봉천10동41-538",019
P060,김소영,600801-1162117,"인천광역시 남동구 논현동 논현주공A 210동502호",034
P061,전소운,710405-1151782,"서울 관악구 봉천5동480-18",039
P062,권정희,670326-2163777,"서울 강서구 화곡8동 396-9",015
P063,최요한,500830-1114517,"경기남양주시 진접읍 장현5리593 동부주택2동207호",010
P064,이도현,481120-1142862,"서울 중랑구 중화3동331-97",016
P065,서미화,491130-2132299,"경기도 수원시 장안구 영화동417-14",060
P066,김경미,650816-2115415,"경기 하남 창우동521 꿈동산신안아파트412-1403호",009
P067,하정균,700510-1161234,"서울 동대문구 용두2동234-51",053
P068,심석천,570825-1121645,"서울 관악구 신림9동251-328",022
P069,허문표,640128-1161965,"경기도 의정부시 용현동 건영A 107-104",007
P070,전오원,490222-1106281,"서울 노원구 상계3동 현대아파트105동2104호",053
P071,김선필,490114-1144781,"서울 중구 을지로5가77-13 골목식당",026
P072,양준호,680309-1122192,"경기 남양주시와부읍덕소리110-1 주공 A 101-301",021
P073,서주연,490205-2117911,"서울 강서구 화곡4동 803-21호",033
P074,석애영,641208-2157814,"경기도 시흥시 조남동502-3번지",010
P075,강혁,601004-1100528,"경기 성남시 수정구 태평2동970번지",021
P076,최국열,561130-1136452,"서울 관악구 신림8동561-10",044
P077,이경수,670208-1176588,"서울 중랑구 면목7동339-36",023
P078,이주진,540810-1100589,"경기도 평택시 서정동592-17    7/1",017
P079,신영호,780501-1111908,"서울 도봉구창2동804-4   대우A 106동1302호",006
P080,박지평,760210-1108526,"인천시 계양구 임학동101   조광빌라2동101호",037
P081,김유림,540202-1118697,"경북 포항시 북구 흥해읍 초복동 146-1",012
P082,강현주,620601-2145319,"경북 경산시 진량읍 신상리 868 우방힐타운 101-1805",044
P083,오정현,561225-2105561,"경기도 시흥시 정왕동 한일아파트 109-401호",039
P084,김방현,641124-1150149,"전북 전주시 덕진구 송천동 롯데A 10-407",034
P085,김선희,551030-2159000,"전남 여수시 선원동 남양A 201-406",005
P086,추민정,541201-2159547,"서울시 송파구 문정동 115-11 대영빌라 나동 301",037
P087,이재호,571005-1144703,"경기도 용인시 역북동 군인아파트",045
P088,한상욱,600326-1173189,"경남 김해시 부원동 111-5 강남빌라 A-502",023
P089,김희민,511009-1164667,"서울시 강동구 천호3동 565 현대타워A 708",042
P090,홍재준,650828-1175232,"경기 동두천시 상패동 무궁화빌라 10-402",024
P091,이무룡,760219-1172702,"경기 시흥시 대야동 563 서해A 103-1903",024
P092,장재일,700816-1150492,"서울시 노원구 상계동 624 주공A 1503-1011",055
P093,민태영,600720-1169021,"경기도 수원시 권선구 금곡동 거산A 101-706",022
P094,김승주,561101-1174205,"경기도 성남시 분당구 야탑3동 211 매화마을 403-203",055
P095,노현주,650330-2117560,"서울시 영등포구 대림동 755-6",008
P096,이선영,740924-2147346,"전북 군산시 경암동 685-9",010
P097,이지현,610130-1117554,"경기도 고양시 일산구 주엽동 강선마을 동신아파트 406-704호",002
P098,김성균,621011-1137259,"경기도 성남시 분당구 서현동 시범단지 현대A 413-2801",038
P099,장윤실,521112-2163538,"서울시 마포구 공덕동 370-4 산업인력공단7층 중앙노동위원회",051
P100,박강아름,681201-2134896,"강원도 동해시 천곡동 242 4/3",057
P101,박철우,580405-1146127,"전북 전주시 완산구 서신동 쌍용A 602-806",050
P102,안세현,620303-1165733,"서울시 노원구 상계7동 757 한양A 2-303",015
P103,김태봉,760421-1134254,"경기도 수원시 팔달구 영통동 주공A 110-1806",018
P104,이종석,650604-1178491,"과천시 별양동 주공@ 410-703호",002
P105,김수경,720602-2107929,"경북 구미시 봉곡동 현대A 109-1205",010
P106,주영상,800707-1170344,"부산시 남구 감만2동 국제A 101-1082",025
P107,김정민,580305-1134249,"대전시 서구 만년동 281 상록수@106-203호",045
P108,최지선,560409-2113517,"경기도 부천시 원미구 상동 반달A 1821-609",055
P109,서준원,591010-1167110,"강원도 원주시 단구동 황수A 3-407",034
P110,임희도,700703-1109474,"서울시 강북구  미아9동 126-35",001
P111,정재우,711118-1144637,"경기도 고양시 덕양구 지축동 309-1 백운A",031
P112,금민정,520411-2126103,"서울시 노원구 상계7동 720 상계주공A 622-1205",040
P113,변해원,730809-1128142,"서울 강동구 고덕2동 157-7",059
P114,백혁호,570510-1123457,"서울 동대문구 휘경동 49-5번지 서울가든아파트 913호",058
