STUDENT_NO,DEPARTMENT_NO,STUDENT_NAME,STUDENT_SSN,STUDENT_ADDRESS,ENTRANCE_DATE,ABSENCE_YN,COACH_PROFESSOR_NO
9556017,015,서성철,760830-1106432,"전북 전주시 덕진구 진북동 우성아파트 120/1805",1995-03-01,N,P046
9732111,025,정완렬,770828-1125960,서울양천구목동929목동한신아파트108-310,1997-03-01,N,P028
9747034,039,김우성,791017-1125895,전남순천시왕조1동1666주공아파트503-306,1997-03-01,N,P054
9811017,007,김춘진,780808-1125699,"서울 동작구 사당동 1133 동작삼성래미안 110-401",1998-03-01,N,P028
9811176,040,이춘평,790620-1144156,경기도고양시일산구일산동1107후곡마을1209-705,1998-03-01,N,P067
9811200,022,장충미,780807-2123186,"인천 남동구 만수동 13 주공아파트 409-405",1998-03-01,N,P043
9811251,045,김충원,781107-1109023,"전주시 덕진구 인후동2가 1534 동전주 우체국장",1998-03-01,N,P049
9815147,038,박정호,790605-1166722,"전북정읍시 상동564-24",1998-03-01,N,P052
9815210,039,이진원,780808-1137853,"서울 강서구 염창동 삼천리아파트 1003",1998-03-01,N,P001
9815301,013,조정화,790601-2137041,"전주시 완산구 다가동 4가 93",1998-03-01,N,P027
9815302,001,조정훈,800720-1115808,"전주시 완산구 효자1가654 제일효자타운ⓐ 101/505",1998-03-01,N,P064
9815310,021,지정훈,790518-1106220,전주시덕진구진북동우성@111동1402호,1998-03-01,N,P113
9815378,017,최정희,791215-1122553,"전주시 효자동1가 260 상산고등학교",1998-03-01,Y,P071
9817035,046,김소라,790514-2101297,"전주시 완산구 중화산동2가545 은하APT 2-610호",1998-03-01,N,P066
9817071,009,김소정,780924-2140110,"전주시 덕진구 진북동 336-21 도신경외과",1998-03-01,N,P014
9817248,052,손소희,780930-2102104,"전주시 완산구 서신동 대우 대창 @ 102동 505호",1998-03-01,N,P112
9831163,019,이권민,790717-1155437,"충북 청원군 강내면 탑연리 301-1 주은반석아파트 102-1008호",1998-03-01,N,P023
9832037,014,박완용,780612-1170472,서울강동구둔촌동174주공아파트203-303,1998-03-01,N,P069
9845005,032,김우중,800421-1121547,충남천안시두정동1000한성스위트빌103-1303,1998-03-01,Y,P031
9847024,027,박우진,800706-1150009,"충남 공주시 산성동 186-31 안준기 내과의원",1998-03-01,N,P095
9911206,023,임충헌,800827-1136680,서울시중랑구신내동성원아파트103-1007,1999-03-01,N,P102
9915063,041,김제세,790720-1162997,"전북 부안군 부안읍?봉덕리 658-8 부안여자고등학교",1999-03-01,N,P041
9915116,045,문제중,790723-1136245,"전주시 완산구 평화동 코오롱ⓐ 3/1604",1999-03-01,N,P009
9915168,004,손종경,791225-1114066,전주시완산구평화동미송@101/1310,1999-03-01,N,P034
9915261,015,이종대,800117-1163232,"전주시 완산구 중화산동2가 256 우성근영ⓐ 130/1407",1999-03-01,Y,P105
9915335,031,홍종대,790210-1146088,전주완산구서신동아@107/1105,1999-03-01,N,P090
9915349,016,허종명,800807-1113022,"전주시 완산구 효자1가 654 제일효자타운103-1006",1999-03-01,N,P024
9917032,045,김수광,811119-1150891,"김제시 용지면 효정리 220-2",1999-03-01,N,P051
9917045,003,김수련,800905-2172567,"전주시 덕진구 송천동1가 605-4 한양ⓐ 101-1303",1999-03-01,N,P032
9917049,056,김수린,790620-2163047,"전북 익산시 어양동 현대ⓐ 103/1203",1999-03-01,N,P100
9917153,039,이수미,810306-2143752,"전주시 덕진구 인후1가 858-2 아중현대ⓐ 107/1304",1999-03-01,N,P057
9919024,052,김계영,801211-2148346,"경기도 용인시 수지구 풍덕천2동 신정마을 임광 305-1703호",1999-03-01,Y,P041
9931003,055,강민성,791010-1171108,"서울시 동작구 흑석동10 명수대 현대아파트 108-703",1999-03-01,N,P087
9931109,057,박권석,811011-1125595,"서울시 송파구 문정동 훼밀리아파트 217-504",1999-03-01,Y,P097
9931111,001,박규상,800212-1161530,"경기도 성남시 분당구 탑마을 526 경남아파트 710-1302",1999-03-01,N,P002
9931127,022,박규인,800215-1100089,"서울시 강남구 대치동 316 은마 아파트 22동 910호",1999-03-01,N,P027
9931161,024,송근순,790704-1172626,"서울시 송파구 잠실3동 40번지 갤러리아 팰리스 C-4401호",1999-03-01,N,P108
9931165,001,송근우,810125-1175561,"경기도 부천시 원미구 중2동 386-1186 복사골아파트 1701-405",1999-03-01,N,P106
9931190,003,오근우,790619-1165962,"서울시 관악구 신림4동 513-1 3층",1999-03-01,N,P034
9931247,015,이기덕,810127-2116780,"서울시 강동구 상일동 259 동성빌딩3층",1999-03-01,N,P077
9931248,048,이기범,800121-1169369,"경기도 군포시 산본동 한양목련아파트1224-2002",1999-03-01,N,P103
9931261,008,임기범,810205-1170885,"서울시 영등포구 당산동 5가 42 삼성래미안아파트 409-1202",1999-03-01,N,P048
9931277,055,전기성,801210-1105022,"경기도 용인시 수지구 풍덕천동 239-3 중앙빌딩 3층",1999-03-01,N,P036
9931285,047,정기웅,800130-1123937,"경기도 성남시 분당구 야탑동 기산아파트 307-801호",1999-03-01,N,P035
9931290,038,정기원,790123-2126591,"서울시 송파구 가락2동 극동아파트 4-1505",1999-03-01,N,P021
9931310,059,조기현,790802-2129153,"서울시 서초구 서초3동 1446-11 현대수퍼빌 A-602",1999-03-01,N,P024
9931311,056,조기현,790420-1151692,"인천광역시 남동구 간석3동 두진아파트 101-1701호",1999-03-01,N,P060
9931312,038,조기환,791002-1174888,"경기도 시흥시 매화동 194-1 동진아파트 1-305",1999-03-01,Y,P102
9954015,005,박재연,810607-1114149,"익산시 남중동1가 218-1 이리고등학교",1999-03-01,N,P099
9973003,002,김용근,801102-1108795,서울강남구대치동316은마아파트11-1107,1999-03-01,N,P104
9974010,016,박성훈,800113-1137431,서울종로구평동149-11서진빌딩2층충남방적,1999-03-01,N,P053
9995148,010,송정삼,800320-1156135,"경기도 남양주시 도농동 부영그린타운 306-2304",1999-03-01,N,P093
A011032,054,김태광,800409-1152297,목포시산정3동종원나이스101-1002,2000-03-01,Y,P004
A011090,013,문태구,820313-1164304,"제주 서귀포시 서홍동 302-2 한라빌라 지하가동",2000-03-01,N,P065
A011113,005,박태규,800604-1101623,"전남 순천시 연향동 현대ⓐ 102/404",2000-03-01,N,P035
A011132,004,손태빈,800828-1167728,"대전 서구 둔산동 한마루아파트 3-406",2000-03-01,N,P039
A011228,033,전태석,800731-1147179,"대전 서구 월평동311하나로@105/1105",2000-03-01,N,P089
A011242,025,정태우,801229-1175870,전주시완산구서신동961-72동아한일@120-301,2000-03-01,N,P032
A013022,058,김훈욱,801113-1116214,"경기도 부천시 소사구 송내동 390-22 한미쉐마빌 14동102호",2000-03-01,N,P030
A013035,009,나연우,820331-1179553,전주시완산구효자동1가364-3삼호아파트2-102,2000-03-01,Y,P042
A013045,016,박영광,800622-1165802,"전북 임실군 성수면 양지리 266-1",2000-03-01,N,P008
A013065,043,안영근,820901-1169018,"전주시 서신동 동아ⓐ 2차 201/401",2000-03-01,N,P051
A013073,037,엄영배,821002-1120173,"부안군 부안읍 서외리 건강보험 부안지사 211-4",2000-03-01,N,P039
A013116,030,채영빈,821125-1107147,전북전주시덕진구인후동2가1532-21,2000-03-01,N,P057
A015047,062,김종민,810324-1126609,"전주시 완산구 서신동 765-1 동아ⓐ 108/402",2000-03-01,N,P005
A015069,039,김종석,801104-1152334,"전주시 완산구 경원동 3가 17-9 문화B/D 2층 윈텍",2000-03-01,Y,P057
A015188,035,김종선,801209-1174036,"전주시 완산구 평화동 712-1 호동이 숯불촌",2000-03-01,N,P014
A015232,033,이종선,810317-1120870,"전주시 덕진구 인후1가 아중마을 부영APT 604/203",2000-03-01,N,P073
A015247,037,이진우,810412-1113890,"안양시 동안구 관양동 1461-10 신태양ⓐ 안양B/305",2000-03-01,N,P056
A015282,019,정종설,800216-1119485,"전주시 덕진구 금암동1605-19",2000-03-01,N,P095
A015307,010,최진아,800514-2173875,"서울시 강남구 삼성동 61-5 영빈빌라 가/201",2000-03-01,N,P023
A015308,044,최종연,810920-1176400,전주시덕진구우아동대우2차@205/803,2000-03-01,N,P060
A017039,042,김여주,800425-2162723,전주시완산구효자동1가637남양황졔아파트3-108,2000-03-01,Y,P084
A017062,001,노수미,811201-2115477,"전주시 완산구 중앙동 1가 22-6",2000-03-01,N,P052
A017068,016,문수은,800221-2178640,"전주시 완산구 효자동1가 금호타운 3/1402",2000-03-01,N,P112
A017085,005,박수진,810218-2158179,전주시덕진구중노송동447-4,2000-03-01,N,P037
A017174,021,이수진,800214-2103470,완주군삼레읍삼례리898-4,2000-03-01,N,P002
A017225,001,한수현,800107-2116319,"전주시 덕진구 송천동 신일ⓐ 104/1507",2000-03-01,Y,P016
A031013,043,고민건,820305-1113595,"서울시 서초구 방배3동 1007-2번지 새빛상가 203호",2000-03-01,Y,P050
A031019,001,권기환,811020-1117036,"경기도 성남시 분당구 분당동 122-2번지 202호",2000-03-01,N,P062
A031069,022,김김랑,820904-1102281,"서울시 영등포구 당산4가 74 광성연립 다-207호",2000-03-01,N,P094
A031070,025,김김훈,800110-1167672,"인천광역시 남동구 만수2동 867-20 스타맨션 401호",2000-03-01,N,P033
A031088,046,김나루,800401-2137363,"서울시 서대문구 홍제 2동 57-7 인왕빌라 2동 102호",2000-03-01,N,P105
A031101,010,남나리,821222-2127042,"경기도 광주시 송정동 560번지 이수아파트 103-206호",2000-03-01,N,P106
A031126,055,박나연,801022-1102410,"경기도 남양주시 와부읍 도곡리 986-1 두산위브 112-1102호",2000-03-01,N,P064
A031142,016,박남정,820617-2111019,"경기도 과천시 부림동 주공아파트 903-408호",2000-03-01,N,P072
A031179,024,신누리,820613-2156844,"경기도 군포시 내손동771 반도보라빌리지105-203",2000-03-01,N,P033
A031189,011,심다정,800117-2177338,"경기도 안양시 동안구 관양동 1437-17 2층화실",2000-03-01,N,P008
A031206,010,오대근,810722-1129861,"경기도 용인시 수지읍 상현리 서원마을 현대홈타운 206-103",2000-03-01,N,P041
A031215,032,윤대연,800620-1102305,"인천광역시 남동구 만수4동 주공아파트 313-401호",2000-03-01,N,P074
A031257,014,이대원,820221-1116284,"서울시 강남구 청담동 108번지 건영아파트 102-606호",2000-03-01,N,P102
A031263,041,이성신,800118-1169344,"영등포구 여의도동1번지 국회의원회관108 열우당 정책위원회",2000-03-01,N,P056
A031270,025,이대은,821224-2140928,"부산광역시 금정구 구서1동 유림노르웨이 아침아파트 2301호",2000-03-01,N,P097
A031290,005,임도란,811201-2169255,"서울시 영등포구 문래2동 미원아파트 102-202호",2000-03-01,N,P101
A031306,035,정도현,800801-1147562,"서울시 중랑구 망우동 132-1 3층",2000-03-01,N,P108
A031334,037,주완재,810312-1106406,서울관악구봉천동1685-28호9통4반203호,2000-03-01,Y,P025
A031341,009,차도홍,810405-1121262,"경기도 군포시 산본동 1052 주공아파트1106-503",2000-03-01,Y,P042
A031344,031,최도훈,800326-1120652,"경기도 성남시 분당구 이매동 아름마을 선경아파트 603-1404",2000-03-01,N,P039
A031347,048,최도희,800830-2174173,"경기도 고양시 덕양구 행신동 햇빛마을 동신아파트 2406-901",2000-03-01,N,P049
A031350,038,최동균,821120-1114520,"서울시 강서구 화곡3동 푸르지오아파트 109-1003호",2000-03-01,N,P109
A031424,038,양동민,801130-2114841,"경기도 성남시 분당구 서현동 87 시범현대아파트 428-2503호",2000-03-01,N,P103
A046016,051,김익헌,820118-1149173,"경기도 고양시 일산구 마두2동 백마마을삼성@ 108-604",2000-03-01,N,P007
A047005,057,김원규,800302-1113575,충북청원군강외면서평리29보영아파트504,2000-03-01,N,P055
A071007,024,김정석,810521-1151507,"서울시 송파구 신천동20-4 잠실진주ⓐ 1/414",2000-03-01,N,P045
A071041,026,인정성,810406-1128790,서울송파구석촌동222-3501호,2000-03-01,N,P081
A084080,034,이종엽,821011-1144979,"전주시 완산구중화산동한신코아@3동1305호",2000-03-01,N,P020
A098008,053,김동민,800816-1175067,"서울시 영등포구 당산동5가 삼성래미안아파트 401-2201호",2000-03-01,N,NULL
A111027,038,김태원,820106-1178826,"전주시 완산구 효자동1가 505-3 삼호ⓐ 3동 706호",2001-03-01,N,P052
A111048,007,김태원,810806-1119527,"전주시효자동1가260상산고등학교  T.063-223-5303",2001-03-01,N,P017
A111172,003,이태환,810609-1104818,"전주시 덕진구 금암동1가 712-5 기아자동차",2001-03-01,Y,P076
A111225,021,정하나,830119-2100452,NULL,2001-03-01,N,P105
A111232,020,주하나,820713-2130887,전북남원시보절면진기리1150-12,2001-03-01,N,P069
A112113,034,김고운,830218-2135633,"경기도 파주시 조리읍 동문그린시티 505-304호",2001-03-01,N,P022
A113070,044,이영식,820221-1114087,전주시덕진구동산동668-5,2001-03-01,N,P042
A113110,053,현흥진,821216-1164921,"경기도 문산시 부창동 대림@ 103/304 금천식당",2001-03-01,N,P089
A115006,014,고종원,810727-1103949,전주시완산구동완산동48-6,2001-03-01,N,P064
A115089,030,류종철,820707-1106987,서울동대문구전농동310-25,2001-03-01,N,P100
A115140,005,손종하,810801-1177278,"김제시요촌동47-24화타약국  T-542-8155",2001-03-01,N,P097
A115179,028,윤종학,830805-1156490,"전주시 인후1가 온고을 중학교",2001-03-01,N,P018
A115183,018,이종현,831015-1161439,"전주시 완산구 평화동1가 696 코오롱ⓐ 3/1205",2001-03-01,N,P041
A115194,045,이종화,820202-2124237,전북완주군구이면백여리604-2,2001-03-01,N,P039
A115203,019,이주미,810119-2123353,전북김제시요촌동293-20,2001-03-01,N,P097
A115208,034,이주석,811206-1142283,"전주시 덕진구 인후동 아중현대APT 101/1305",2001-03-01,N,NULL
A115234,022,정주영,810808-1165417,"전북 김제시 요촌동 신풍동 365 성산그린빌라101/702",2001-03-01,Y,P026
A115245,040,차주영,810117-1159023,전주시완산중노송동354-212,2001-03-01,N,P026
A115270,060,허주옥,820227-2149079,"전주시 평화동 평화중학교",2001-03-01,N,P087
A119097,051,이희경,830713-1166058,"서울 광진구 구의동 25-17 7/6",2001-03-01,N,P017
A122026,028,김하나,831211-2157256,김제시백학동84(전북기능대학교학처),2001-03-01,N,P071
A131004,062,강동연,820510-1103576,"경기도 의정부시 민락동 694 산들마을 대림아파트 404-1404",2001-03-01,N,P013
A131046,060,김동열,820825-1157383,"경기도 안산시 상록구 본오동 신안아파트 201-1005",2001-03-01,N,P015
A131067,003,김민정,810411-2178450,"서울시 송파구 방이동212-8 코오롱아파트105-405",2001-03-01,N,P104
A131105,040,문민정,820809-2157250,"경기도 수원시 팔달구 매탄1동 140-25번지 아뜨리에",2001-03-01,Y,P053
A131118,038,박동영,810128-1173197,"서울시 노원구 하계동 354 학여울 청구아파트 110-401",2001-03-01,N,P088
A131137,001,방민진,820510-2138836,"경기도 성남시 분당구 서현동 효자촌임광파트 313-602",2001-03-01,N,P023
A131138,017,방동오,820222-1163700,"경기도 용인시 수지 상현동 현대 성우5차 102-502호",2001-03-01,Y,P011
A131142,036,백동원,820114-1128965,"서울시 강동구 길동 388-4 다성이즈빌 1-202호",2001-03-01,N,P045
A131154,026,서성엽,810808-1104673,"경기도 군포시 산본동 수리 한양ⓐ 822/802",2001-03-01,Y,P078
A131164,012,송동윤,810309-2176416,"경기도 고양시 덕양구 화정1동 은빛마을 513-602호",2001-03-01,Y,P094
A131201,050,유동익,830205-1165972,"경기도 수원 팔달구 영통동 청명마을 대우아파트 305-304호",2001-03-01,N,P045
A131231,025,이동인,821208-1144026,"인천광역시 남동구 간석동 935 풍림아파트 101-2005",2001-03-01,N,P046
A131243,043,이민형,830315-1110772,"서울시 구로구 오류2동 108-1 화랑빌라 1-101",2001-03-01,Y,P017
A131333,045,진동인,831004-1166833,"서울시 구로구 구로5동 110-4 도림 두산베어스타워 2004호",2001-03-01,N,P107
A131338,016,최동준,821130-1153064,"부산광역시 북구 만덕3동 그린코아아파트 603-803",2001-03-01,N,P099
A131363,044,허민호,830224-1113331,"서울시 구로구 신도림동 대림7차아파트 804-2101",2001-03-01,N,P050
A131364,019,허동현,830208-1111484,"경기도 안산시 고잔동 744-4 203호",2001-03-01,N,P073
A146027,055,박인량,830804-1154644,"서울시 서초구 서초동1315번지진흥아파트1동1505",2001-03-01,N,P073
A147028,014,박원배,820107-1179108,부산북구금곡동98-1주공아파트203-108,2001-03-01,N,P009
A151028,019,임은성,830827-1119167,경기안양시동안구호계동1115샘마을아파트301-1401,2001-03-01,N,P025
A157006,045,김재필,810202-1138547,"경기도 용인시 구성읍 보정리 성원@110-302",2001-03-01,N,P036
A157032,041,전재현,820407-1138971,서울시동작구신대방동460-18기상청,2001-03-01,N,P105
A158011,027,남성준,830321-1173387,"대전 서구 가수원동 건양대부속병원 소화기내과",2001-03-01,Y,P019
A174030,027,정성훈,820610-1140202,"대전시 서구 둔산동 1509 크로바ⓐ상가 신태평양약국",2001-03-01,N,P045
A186008,023,김주학,830211-1163807,"경기도 군포시 당정동 339-12 (주)한미식품",2001-03-01,N,P060
A211112,046,박하나,820530-2129861,"전주시 완산구 대성동376",2002-03-01,N,P098
A211188,038,유하미,820514-2172832,"전주시 완산구 평화동2가 336-6 현대ⓐ 102/204",2002-03-01,N,P103
A211197,060,윤학준,830911-1160919,"전주시 덕진구호성동엘지동아@108-101 T.063-241-4840",2002-03-01,N,P067
A211272,051,정한메,831005-1159253,"전주시 완산구 서신동 현대@ 106-1204호 T.063-232-7202",2002-03-01,N,P082
A211278,010,조한모,841114-1114068,"전북 군산 미룡동900-1미룡3주공@318-901",2002-03-01,N,P095
A211331,048,김한준,840914-1164004,"전주시 서신동비사벌아파트101동201호  T.063-278-9796",2002-03-01,N,P049
A211339,023,박해동,821030-1134510,"전북익산영등동682동신@105-405호  T.063-855-1516",2002-03-01,N,P047
A211348,052,신허승,830508-1179932,"전북익산시동산동87-2삼호@5-1001  T.063-544-2206",2002-03-01,N,P011
A211375,021,최허현,841102-1154425,"전주시덕진구송천동1가119-7   T.010-3908-8094",2002-03-01,N,P081
A213026,016,나영우,840429-1137356,"전주시 평화동1가 737-12",2002-03-01,Y,P101
A213046,018,서가람,830530-2124663,"경기도 군포시 산본동 1052번지 대림아파트 724-301호",2002-03-01,N,P095
A213066,043,윤영우,841122-1128518,전주시완산구서신동965-3감나무골대우대창@102-305,2002-03-01,N,P023
A213128,060,주강민,840808-1165595,"경기도 양평군 양평읍 회현리 591-6번지",2002-03-01,N,P077
A215020,014,김주현,820211-1147771,서울시양천구목동315-89,2002-03-01,Y,P072
A215033,052,김주형,840518-1113613,"서울동작구사당동105번지 신동아@404/1206",2002-03-01,Y,P109
A215140,010,심주환,820401-1169227,"서울시 강서구 방화3동 방화5단지 504-1001",2002-03-01,Y,P022
A215167,034,이준경,840217-1158173,서울송파구신천동11삼미아파트26-810,2002-03-01,Y,P106
A215189,041,이준석,820809-1166334,경기도안산시단원구주공@536/104,2002-03-01,N,P059
A215197,012,이준영,830620-1165638,"경기도 성남시 분당구이매동 성지a701/202",2002-03-01,N,P034
A215224,049,정준영,841213-1114238,"서울시 서초구 서초동 신동아@7-308",2002-03-01,N,P106
A215247,060,추준영,830228-1150667,서울시노원구중계본동진로대림@1003,2002-03-01,N,P059
A215250,037,현준영,830828-1135194,경기도안산시동안구비산동浙@205/1007,2002-03-01,N,P080
A217005,047,고수현,821119-2122202,전주시완산구중화산동1가동남삼정아파트2동303호,2002-03-01,N,P032
A217081,019,신숙희,840919-2133319,"전주시 완산구 효자동3가 서곡 현대 APT  103/101",2002-03-01,Y,P037
A217087,029,안순필,830109-2106936,전주시완산구효자동1가유진청하아파트B동202호,2002-03-01,N,P093
A217201,058,황숭인,830603-1110188,"전주시 덕진구 진북동 우성ⓐ 110/303",2002-03-01,N,P059
A217214,009,김승겸,840815-1137815,"전주시 송천동1가 101-3 신일ⓐ 101/803",2002-03-01,N,P001
A219089,060,양은우,830412-1156522,서울강동구성래동387-34,2002-03-01,N,P094
A219131,058,임장우,820618-1111662,대전서구둔산동909수정타운10-1106,2002-03-01,N,P070
A222007,047,김정호,840225-1125451,"부산시 사상구 주례동 럭키A 15-804",2002-03-01,N,P014
A231068,009,김민식,820703-1143154,"경기도 시흥시 신천동 846-32 동완하이츠빌 A-202",2002-03-01,N,P081
A231111,018,라동현,820810-1107686,"경기도 고양시 일산구 마두동 839-5 갤러리 환",2002-03-01,N,P072
A231121,026,박민화,830615-2156900,"부산광역시 사상구 덕포2동 785-2 2층화실",2002-03-01,N,P094
A231132,016,박민희,821206-2147046,"서울시 영등포구 신길3동 우성아파트 107-1208",2002-03-01,N,P092
A231146,062,박동환,840501-1177350,"인천광역시 부평구 부평1동 65-7 욱일아파트 4-309",2002-03-01,N,P096
A231162,032,송박선,831002-2133398,"인천광역시 남동구 만수6동 1086-1 이삭아파트 101동 보육시설 10호",2002-03-01,N,P005
A231165,038,송동훈,840210-1107338,"서울시 강동구 성내동 452-3 신호빌라트 501호",2002-03-01,Y,P112
A231171,013,신두상,840202-1178511,"서울시 송파구 가락동 금호아파트 101-607호",2002-03-01,N,P002
A231188,005,오두용,830601-2148412,"경기도 성남시 분당구 정자동 우성아파트 405-1902",2002-03-01,N,P016
A231190,030,오득래,841225-2161953,"서울시 양천구 목3동 618-9 2층",2002-03-01,Y,P053
A231200,055,유번닉,840717-1141558,"서울시 송파구 문정동 150 훼미리아파트 27-103",2002-03-01,N,P074
A231218,050,윤리나,831124-2171993,"인천광역시 남동구 구월동 1249-4 (4층)",2002-03-01,N,P094
A231253,061,이범희,841225-2151961,"경기도 광주시 초월면 쌍동리 253-9 매경빌리지 A동 401호",2002-03-01,N,P011
A231290,051,전미진,830604-2165207,"서울시 노원구 월계3동 성원아파트 403-1204",2002-03-01,N,P008
A241004,038,김희훈,841017-1100336,"인천시 부평구 십정 1동 323- 19호",2002-03-01,N,P011
A241053,028,이희수,820516-2125497,"경기도 광주시 오도읍 신현3리 588-12",2002-03-01,N,P103
A241056,020,이희진,820403-1100400,"서울 용산구 보광동 258-8 CC 미용실",2002-03-01,N,P027
A242015,020,박철웅,840211-1143465,"서울 동작구 상도동 196-91",2002-03-01,N,P050
A246039,041,유인상,820401-1100741,서울송파구문정동150올림픽훼밀리타운아파트301-1501,2002-03-01,N,P087
A246042,005,윤잔디,830320-2172499,충북보은군내속리면사내리209,2002-03-01,N,P043
A246054,024,정인수,840227-1150703,서울강동구길동160신동아아파트8-802,2002-03-01,N,P047
A247009,054,김원석,820717-1120975,경북포항시남구지곡동472효자그린아파트101-201,2002-03-01,Y,P113
A247047,031,이원식,840305-1116545,경남진주시초전동1431-3청구아파트105-905,2002-03-01,N,P067
A247062,035,전원영,840404-2177743,경북포항시남구대잠동986-6,2002-03-01,N,P048
A247067,058,최원희,821219-2100966,"경북 포항시 북구 용흥1동 우방타운ⓐ 124/1208",2002-03-01,N,P065
A247068,049,심유경,830704-2124881,전북익산시신동816-1신동아아파트16-304,2002-03-01,N,P075
A250028,060,이은경,841201-2138646,"서울시송파구 잠실동 101-1 우성@ 9-905",2002-03-01,N,P031
A257021,025,송재현,840811-1122077,서울광진구자양동783우성아파트701-114,2002-03-01,N,P079
A271019,015,양정아,840715-2168233,"경기도 안양시 만안구 박달동 극동ⓐ 1/906",2002-03-01,N,P028
A274030,027,하성태,840813-1156195,"광주시 서구 화정3동 836-3 박성규 수학교실",2002-03-01,N,P029
A282017,013,김성원,830119-1136291,"대전시 유성구 장동 171 한국해양개발시스템 연구본부",2002-03-01,N,P061
A290024,051,나영운,820316-2156283,서울강동구명일동42우성아파트8-1002,2002-03-01,N,NULL
A311003,046,강혁로,840802-1167228,전주시덕진구진북동363-21,2003-03-01,N,P103
A311045,047,김현구,830930-1112281,"전북 완주군 이서면 갈산리 526",2003-03-01,N,P023
A311056,026,김현기,840219-1167829,"전주시 완산구 서신동 대우ⓐ 102/1301  T.063-640-2114",2003-03-01,N,P078
A311084,017,김현미,830505-2134343,"전북순창군금과면모정리178(20통2반)   T063-652-6342",2003-03-01,N,P078
A311128,020,박현민,851111-1178867,"전주시 진북동 우성ⓐ 113/1305    T.063-277-2898",2003-03-01,N,P003
A311138,003,서현범,840606-1140627,"수원시 장안구 정자동879-1백석마을성지@545-1803",2003-03-01,N,P092
A311173,033,엄현석,851119-1108822,"경기도 군포시 당정동 876 퇴계ⓐ 361/105  T.02-6325-3114",2003-03-01,N,P068
A311250,057,이현성,830213-1116293,"인천부평구산곡동311-126현대@212-204  T.032-505-9339",2003-03-01,N,P091
A311251,030,이현성,841228-1126108,"서울시 구로구 고척동 100",2003-03-01,N,P003
A311294,057,조현승,850522-1101762,"경기 안산 상록구 사동1312-5",2003-03-01,N,P098
A313047,008,손건영,840718-1164847,"인천광역시 남동구 논현동 풍림아파트 107-1205",2003-03-01,N,P034
A315125,025,백준용,830601-1107352,서울시영등포구여의도동한양아파트B동304,2003-03-01,N,P104
A315129,023,서준우,830815-1159069,"경기도 고양시일산구주엽동문촌마을1406/1103호",2003-03-01,Y,P009
A315194,009,이준원,851112-1109137,서울시서초구반포2동신반포@10/505,2003-03-01,N,P099
A315323,055,김준일,850916-1102771,경기도김포시장기동1070-8,2003-03-01,N,P106
A315341,004,이준형,840809-1137226,서울종로구연지동136-56전국기독교연합회관,2003-03-01,N,P076
A317107,021,유승미,830504-2150605,"경기도 수원시 권선구 곡반정동 한솔APT108/602",2003-03-01,N,P009
A317120,029,이승수,850515-1175418,"서울시 강동구 성내1동 537-20화산산업",2003-03-01,N,P015
A317161,053,정승수,850712-1178490,"서울시 용산구 갈월동 98-38 청룡빌딩5층 SGS",2003-03-01,N,P034
A317201,001,한승엽,830130-1160985,"고양시 일산구 백석동 1316번지 현대밀라트1차 B동515호",2003-03-01,N,P051
A317204,049,한승완,851102-1136484,인천시연수구연수동579대우1차아파트102동201호,2003-03-01,N,P007
A317215,046,김승우,840604-1147012,"서울시 양천구 신월동 987-1 신월시영APT 7/809",2003-03-01,N,P046
A317222,020,박승우,830618-1101120,"경기 군포시 산본동 백두동성apt 958동 1802호",2003-03-01,N,P048
A319069,005,박현우,841107-1115138,경기시흥장곡동828번지진말대우@118-1702,2003-03-01,N,P077
A319070,035,박장욱,830411-1137784,부산동래구명장동507-20,2003-03-01,N,P029
A319152,054,정장윤,830405-1142623,울산동구서부동257-4현대패밀리서부아파트121-1407,2003-03-01,N,P008
A319187,041,송재무,840706-1106197,전북무주군무주읍읍내리797,2003-03-01,N,P100
A322013,039,김현욱,840908-1134172,경기과천부림동41주공@318-901,2003-03-01,N,P019
A322027,045,오현일,830707-1157637,경기파주교하읍와동리205운전2차동문@208-303,2003-03-01,N,P109
A331017,042,고리나,851030-2169692,"경기도 안산시 상록구 사동 푸르지오6차 610-104",2003-03-01,N,P075
A331019,010,권병국,850720-1147333,"경기도 용인시 양지면 주북리 50-1호",2003-03-01,N,P087
A331076,060,김리나,851201-2117312,"서울시 송파구 오금동 현대아파트 44동 1001호",2003-03-01,N,P072
A331083,018,김명도,851005-1158055,"경기도 기흥시 기흥구 구발동 556-3 강남큰빛유치원",2003-03-01,N,P083
A331086,049,김명철,840326-1148449,"부산광역시 북구 만덕3동 909-8 19/2번지 102호",2003-03-01,N,P106
A331087,048,김명철,841009-1146070,"경기도 포천시 군내면 좌의리 402-1",2003-03-01,N,P102
A331090,048,김명환,840828-1105444,"경기도 군포시 산본동 백두한양아파트 997-302",2003-03-01,N,P055
A331092,024,김명훈,850219-1125217,"서울시 송파구 송파2동 166 삼익아파트 203-1106호",2003-03-01,N,P096
A331101,053,김명훈,830816-1135754,"경기도 성남시 분당구 서현동 87 삼성아파트 110-802호",2003-03-01,N,P102
A331103,035,김명희,840720-2107577,"경기도 파주시 교하면 와동리 375-3",2003-03-01,N,P013
A331155,023,성병수,850810-1120089,"서울시 종로구 평창동 365-3",2003-03-01,N,P074
A331178,001,안병수,840823-2121826,"경기도 군포시 오금동 871-1 삼익소월아파트 373-1803",2003-03-01,N,P001
A331278,040,이무공,841101-1125046,"경기도 화성시 향남면 평리 76번지",2003-03-01,N,P113
A331346,036,조병수,851122-1169707,"여수 여서동 현대건설A 104/1201",2003-03-01,Y,P106
A331350,060,주무진,830330-2126247,"인천광역시 남동구 구월3동 1395-6 2층화실",2003-03-01,N,P064
A331379,008,한문경,840924-2145810,"인천광역시 연수구 동춘동 송도신도시 풍림아이원 606-703",2003-03-01,N,P092
A331388,050,황문식,830130-1139938,"경기도 안양시 동안구 호계동 985-18 2층",2003-03-01,Y,P039
A331401,016,김미경,851011-2111402,"경기도 성남시 분당구 구미동75 우방빌라 105-301",2003-03-01,N,P005
A331409,054,박미경,841112-2102847,"경기도 성남시 분당구 궁내동 중앙하이츠 208-401",2003-03-01,N,P111
A331412,041,서미림,851201-2154771,"인천광역시 남동구 만수5동 875-7 해동빌딩 5층",2003-03-01,N,P053
A331422,004,이미애,830405-2113507,"서울시 노원구 공릉2동 26-21 삼육대학교 8호사택",2003-03-01,N,P040
A346002,061,국인수,830604-1154265,서울시송파구잠실동101번지우성아파트15동501호,2003-03-01,N,P004
A346019,049,박인정,840115-1101596,"경기도 남양주시 화도읍 구암리 203-40",2003-03-01,N,P001
A347002,061,권유상,830802-1133602,전북장수군천천면남양리742,2003-03-01,N,P023
A347009,036,김유신,830110-2102682,"전주시 완산구 효자동1가 260 상산고등학교",2003-03-01,Y,P081
A347017,030,박유연,840606-2145610,전북익산시어양동621어양주공5단지504-304,2003-03-01,Y,P090
A347038,050,이유연,841006-2152735,전북전주시완산구평화동1가522일성아파트105-1602,2003-03-01,N,P052
A347040,008,이유일,830806-1153249,"전주시 완산구 교동2가 104 하이마트",2003-03-01,N,P023
A347060,001,최유종,850216-1162478,"전북군산시경장동 488-4",2003-03-01,N,P084
A347061,046,최유진,840630-1111569,"전주시 덕진구 인후3동 아중현대ⓐ 109/505",2003-03-01,N,P045
A347067,026,손유현,830702-1126831,전북김제시금구면금구리431-4송원아파트306,2003-03-01,Y,P048
A350005,010,김은석,830830-1124112,"서울시 송파구 오금동 165 상아@ 4-703",2003-03-01,N,P075
A350020,034,이은경,831026-2151784,경기도화성시동탄면송리589,2003-03-01,N,P102
A351011,053,김은이,840721-2135563,NULL,2003-03-01,N,NULL
A352001,048,강인호,831003-1177799,"전남 순천시 매곡동 166-9 매산여고 교무실",2003-03-01,Y,P008
A352005,001,김윤경,830118-1136236,전북전주시완산구삼천동1가561-7현대빌라301,2003-03-01,N,P020
A352017,060,서임규,830209-1132843,"전남 여수시 여수우체국 사서함 7호 LG정유",2003-03-01,N,P021
A352028,026,이자영,840708-2118563,대전유성구전민동426-4나래아파트101-401,2003-03-01,N,P045
A354020,059,양재영,841023-2142337,"전주시 완산구 중화산동 전주신흥중학교",2003-03-01,Y,P105
A354030,027,황재윤,851101-1160725,"전주시 완산구 효자동1가 326-36",2003-03-01,N,P065
A354031,031,강재이,831207-1114453,"전주시 완산구 효자동 성원맨숀 나/1501",2003-03-01,N,P068
A356028,049,이성현,850918-1108935,"광주시 서구 화정동 859-1 현대APT103/311",2003-03-01,N,P062
A357025,014,우재형,831029-1166429,"서울시 서초구 양재동 154-2 우성@ 103-1205",2003-03-01,N,P074
A357026,040,윤재홍,831014-2139250,"서울시 강남구 도곡2동 개포럭키ⓐ 1/606",2003-03-01,N,P040
A357033,019,장재황,830324-1114439,경기남양주시별내면청학리409청학주공아파트310-804,2003-03-01,N,P044
A357035,054,전재훈,840504-1155012,"서울시 구로구 개봉1동 98-11",2003-03-01,N,P068
A358044,055,허성준,851207-1118515,"부산시 영도구 동삼동 149-1 고신대학교 생물학과",2003-03-01,N,P010
A371052,020,김정열,830302-1144188,"서울시 강남구 도곡2동 422-9 세구빌라 102호",2003-03-01,Y,P034
A371053,011,김정우,830420-1129344,"광주광역시 동구 지산 2 동 704-59",2003-03-01,Y,P074
A373005,008,김용문,850209-1108152,"서울시 도봉구 창4동 주공@1813-502",2003-03-01,N,P029
A373011,056,김용범,851224-1159398,서울노원구월계동556월계2단지주공아파트214-803,2003-03-01,N,P014
A373017,062,박용봉,851226-1141236,서울도봉구창동807쌍용아파트104-204,2003-03-01,N,P019
A373039,017,홍용삼,850609-1139174,"경기도 성남시 분당구야탑동현대@823-1302",2003-03-01,N,P017
A374017,016,박성희,830326-2178746,충북충주시연수동686연수주공아파트관리사무소,2003-03-01,N,P081
A374025,036,이성희,840402-2111032,울산시전하동1번지현대중공업플랜트구매부,2003-03-01,N,P102
A374027,028,이세라,850119-2152437,울산시울주군범서읍굴화리굴화주공강변그린빌4단지404/702,2003-03-01,Y,P026
A374030,026,이세라,850130-2115471,"울산시 남구 삼산동 1461-1 우성APT 103/1302  T.052-243-1522",2003-03-01,N,P097
A382031,005,정성원,850113-1176680,충북청주시상당구영운동125-5청주한국병원,2003-03-01,N,P069
A411001,055,감현제,850918-1111188,서울강서등촌동691-3부영@102-505,2004-03-01,N,P105
A411008,016,강현주,861201-1146036,"서울동작구대방동5번지2통4반4층   T.02-889-0864",2004-03-01,N,P042
A411012,025,공현준,850915-1153546,경기남양주와부읍도곡리1012한강우성@105-601,2004-03-01,N,P007
A411035,052,김현지,851229-2137273,"서울시 송파구 신천동 장미@19-705   T031-769-8004",2004-03-01,N,P007
A411069,051,김현진,860807-1177445,"서울용산구청파동1가89-58유진빌라402   T.02-717-1649",2004-03-01,N,P096
A411085,032,김진현,850524-1101916,"경기 안산시 상록구 본오동 한양아파트 27-805",2004-03-01,N,P024
A411086,020,김현철,860225-1153302,서울강남삼성동99-13삼부@101-1102,2004-03-01,N,NULL
A411105,035,박현호,850201-1110725,서울용산구보광동13-72,2004-03-01,N,P103
A411116,059,박현화,861128-2113499,"서울시 강동구 둔촌동447-3",2004-03-01,N,NULL
A411124,025,배형구,850819-1143999,서울구로구개봉동312-38길훈@1-302,2004-03-01,N,P038
A411136,020,성형규,841119-1178856,경기광명시소하동925-3금진청솔빌라다동401,2004-03-01,N,P006
A411190,040,윤형석,840812-1172026,"광주시광산구월계동756-5첨단금호타운105-806  T. 062-971-5939",2004-03-01,Y,P028
A411209,062,이진하,841220-1116413,"서울 구로구 개봉동 321-28",2004-03-01,N,P016
A411233,029,이형선,840417-1131191,전남광양중동1665성호@203-1806,2004-03-01,N,P030
A411249,018,장형일,840505-1143700,"전남 광양시 금호동 목련빌라 18/203   T.061-799-8149",2004-03-01,Y,P101
A411289,049,채형주,861224-1123017,"전남순천시조례동1629금당대림아파트102-1004  T.061-724-8066",2004-03-01,N,P108
A411295,055,최형주,850524-1113272,"광주시 북구 두암2동 63-1 무등파크 102/603   T062-261-5118",2004-03-01,N,P051
A411305,004,최병연,861207-1160103,"경기도 성남시 수정구 태평동 7318-2 송원맨션 302호",2004-03-01,N,P044
A411313,055,한형준,861222-1114763,NULL,2004-03-01,N,P071
A411335,009,황형철,840430-1113491,"전남 순천시 생목동 현대ⓐ 106/407   T.061-772-2101",2004-03-01,N,P075
A412046,058,배고은,850225-2169465,"서울시 종로구 숭인동 181-21",2004-03-01,N,P107
A413042,025,박건우,850326-1153916,"경기도 파주시 적성면 장현2리 산65번지",2004-03-01,N,P072
A413074,040,이경란,850910-2135219,"서울시 양천구 신정7동 신시가지아파트 1101-601",2004-03-01,N,P066
A415011,019,곽준호,860816-1127244,"서울시 구로구 구로1동 642-33 현대의보ⓐ 303호",2004-03-01,Y,P102
A415019,044,권준호,850921-1116260,서울시양천구목동신시가지@716동103호,2004-03-01,N,P049
A415030,013,김준호,860120-1132985,"경기도 안양시 동안구 비산3동 삼성래미안ⓐ 113-702",2004-03-01,Y,P034
A415054,053,김준호,840930-1143843,경기도안양시동안구호계1차현대홈타운105/402,2004-03-01,N,P025
A415078,004,박준희,850627-1131069,NULL,2004-03-01,N,P111
A415085,006,박중렬,850228-1100272,"광주시 북구 두암2동 63-1 무등파크 102/603   T062-261-5118",2004-03-01,N,P105
A415132,056,오중명,841025-1110883,서울도봉구창동주공@313/405,2004-03-01,N,P102
A415169,041,이중혁,860708-1115409,"대전광역시 중구 대흥동 대전성모병원 총무과",2004-03-01,N,P008
A415198,050,이지나,850419-2131911,충남논산시강경읍대흥리19-19,2004-03-01,Y,P055
A415218,033,임지민,860916-2136502,"익산시 남중동 544 소라연립 A동 201",2004-03-01,N,P105
A415245,059,조지선,850809-2138388,"전주시 효자동 1가 효자성원맨션 1동 109호",2004-03-01,N,P003
A415265,010,최지선,860301-2176263,"전북 김제시 서암동 동신파크맨숀1차 가/409",2004-03-01,N,P037
A415289,053,황지수,861011-2103945,"전주시 덕진구 인후 2가 229-36",2004-03-01,Y,P056
A417005,001,강승우,840117-1159173,"서울시 은평구 대조동 74-7 서안맨션 101호",2004-03-01,N,P083
A417074,060,박승욱,840211-1154270,"경기도 성남시 분당구 구미동 대림APT101-704",2004-03-01,N,P047
A417133,031,이여선,850129-2102577,"전주시 팔복동1가 261-1 청백실업",2004-03-01,N,P033
A417140,005,이승원,841225-1126981,서울서대문구홍은3동409-55,2004-03-01,N,P044
A417142,051,이승원,850622-1147762,"경기도 고양시 덕양구 화정동 870 은빛마을 522/304?",2004-03-01,N,P055
A419121,034,임재민,850215-1159342,"전주시 효자동2가 산6-1 전일고등학교",2004-03-01,N,P110
A422049,024,한영은,840811-2105149,"경기하남시창우동521꿈동산신안아파트418-804  T.02-3467-1114",2004-03-01,N,P110
A431010,031,강병호,860428-1177594,"서울시 노원구 하계동 한신 아파트 2동417호",2004-03-01,N,P102
A431016,056,고병훈,841231-1109880,"여수시 여서동 경남아파트 109동406호",2004-03-01,N,P033
A431021,059,구병훈,840508-1167073,"서울시 강남구 삼성동 26-23 38/8",2004-03-01,N,P006
A431032,035,김보라,860711-2165414,"경기도 광주시 경안동 172-11",2004-03-01,N,P084
A431041,011,김보람,860820-2132992,"부천시 원미구 역곡 2동 산 51- 18번지 현대 아파트 A나동 505호",2004-03-01,N,P043
A431050,030,김보람,861111-2121313,"여수시 신기동 3 주공 아파트 110-202호",2004-03-01,N,P025
A431076,039,김성욱,840725-1136366,광양시금호동목련연립아파트11동104호,2004-03-01,N,P016
A431088,056,김보람,850514-2168738,"충남 논산시 부창동 209-4 대림아파트 103동304호",2004-03-01,N,P090
A431098,053,김보리,840102-2172418,"서울시 동작구 신대방동 709 벽산 아파트 102동 504호",2004-03-01,N,P071
A431099,026,김보성,840923-1166672,"여수시 안산동 146-11 안산건강원",2004-03-01,N,P065
A431104,007,김보영,860408-2115571,"서울시 동대문구 장안391-4",2004-03-01,Y,P098
A431124,054,민보은,840214-2174935,"경기도 성남시 중원구 은행동 1990-101",2004-03-01,N,P033
A431126,031,민봉균,860212-1176095,전주완산삼천1가주공@502/505,2004-03-01,N,P057
A431136,006,박봉진,840324-2113454,"전주시 덕진구 우아동 3가 685-8 럭키@ 2동 304",2004-03-01,Y,P004
A431139,058,박봉진,860620-1122857,"전주시 완산구 중화산동 우성근영ⓐ 102/1903",2004-03-01,Y,P023
A431173,025,서부열,860217-2137613,"서울시 송파구 잠실5동 27주공5단지@ 503동103호",2004-03-01,N,P007
A431175,037,성빛나,860615-2155216,광주북구두암2동849-3,2004-03-01,Y,P020
A431192,004,신사묵,851005-1179447,"서울시 마포구 아현동 392-41",2004-03-01,N,P068
A431193,046,신상민,860321-1119985,"전북 부안읍 연곡리 398-4 부안남초등학교",2004-03-01,N,P039
A431228,055,유상민,841125-1100463,"전주시 덕진구 호성동 동아ⓐ 103동1903호",2004-03-01,N,P091
A431232,035,윤상민,850909-1110829,"경기도 고양시 일산서구 탄현동  1477 탄현마을 503-703호",2004-03-01,N,P076
A431233,027,윤상민,850610-1128523,"경기도 안양시 만안구 안양1동 91-9 본지층빌라 9-1호",2004-03-01,N,P039
A431240,055,이상민,861108-1148860,"경기도 수원시 장안구 정자동 467-5 2층",2004-03-01,N,P099
A431277,056,이상수,851020-1112021,"여수시 여서동 경남아파트 109동 1001호",2004-03-01,N,P001
A431302,025,이상언,860423-1130709,"경기도 포천시 일등면 기산리 리버@ 207호",2004-03-01,N,P088
A431335,014,정상엽,860801-1140132,"김해시 내동 한국2차 아파트 314동1103호",2004-03-01,N,P012
A431347,054,정상우,860915-1114407,"경기도 안양시 동안구 관양동 1586번 한가람아파트 303동1214 호",2004-03-01,N,P050
A431348,015,정상욱,840810-1118024,"서울시 성북구 장휘동 74-294번지",2004-03-01,N,P062
A431351,056,조상윤,850701-1116583,"경기 구리시 교문동 덕현 @ 104/204",2004-03-01,N,P065
A431358,059,조상진,850129-1161937,"수원시 장안구 조원동881번지 한일타운아파트116동1602호",2004-03-01,N,P093
A431363,032,주상진,860208-1144538,"서울 동작구 노량진동 25-10 번지 (일품축산마트)",2004-03-01,N,P038
A431376,008,최상호,850220-1112788,"서울시 강동구 성내동 433-24",2004-03-01,N,P016
A431391,057,홍상화,840906-1102625,"전주시 덕진구 전북대학교 의과대학 이비인후과",2004-03-01,N,P026
A441035,023,안희준,861001-1124494,"여수시 문수동 797번지 주공 아파트 103동 1509호",2004-03-01,N,P043
A443026,024,한세진,840620-2121481,"전주시 덕진구 우아동3가 743-35",2004-03-01,Y,P075
A445001,022,고정호,861107-1131197,"대전 서구 용문동 270-1 신중앙부동산",2004-03-01,N,P084
A445008,008,남가영,860510-2120325,"인천광역시 남동구 구월1동 1129-5 4층",2004-03-01,Y,P109
A447017,040,노윤규,850401-1153358,"전주시 덕진구 송천동2가 현대3차ⓐ 307-1106호",2004-03-01,N,P113
A447029,048,신윤미,860423-2110659,전북김제시진봉면고사리40,2004-03-01,N,P101
A447030,042,신윤미,850520-1113965,"전주시 덕진구 여의동 1140-1",2004-03-01,N,P062
A447032,004,신윤빔,841116-1121242,"전주시 완산구 중화산동 현대에코르APT 102-806",2004-03-01,N,P038
A447036,021,안윤상,841003-1150517,"전북 완주군 봉동읍 구미리 서두 청운농장",2004-03-01,Y,P027
A447049,050,이윤선,860814-2108889,군산시나운동848-1두손정형외과,2004-03-01,Y,P040
A447062,054,조윤성,841008-2117558,"전주시 완산구 삼천동 1가 효문여자중학교",2004-03-01,N,P096
A452028,007,이윤성,850822-2140345,전북군산시나운동1585나운세경아파트201-1213,2004-03-01,N,P086
A454004,045,김재익,860611-1170057,"전주완산중화산 우성중산타운103동604호",2004-03-01,N,P069
A454009,009,문재주,840924-1151872,전북전주시완산구중화산동2가256우성근영타운105-105,2004-03-01,N,P096
A454011,055,박재준,840727-1104998,서울강남구개포2동주공아파트435-405,2004-03-01,N,P043
A457001,010,김재훈,860917-1174768,경기도고양시덕양구성사동신원당마을@802-305,2004-03-01,N,P071
A457011,048,김정규,840129-1149949,"서울시 광진구 자양3동 516 우성ⓐ 308/111",2004-03-01,N,P001
A457014,020,민정규,860621-1119934,서울노원구중계동505상아아파트14-105,2004-03-01,N,P040
A457020,012,송정균,850630-1114744,서울시구로구개봉2동255-3,2004-03-01,N,P006
A457025,054,우정근,850611-1121269,경기도고양시일산구백석동삼부@101-1504,2004-03-01,N,P065
A457035,043,정정락,860121-1165058,경기수원시팔달구화서동125-4,2004-03-01,N,P090
A458002,039,고성준,850205-1161101,대구시북구칠성동1가56-1,2004-03-01,N,P017
A458030,061,장성진,840517-1176799,"서울시 강동구 명일동 48-14원일학원",2004-03-01,Y,P082
A471005,014,김정원,840706-1118734,전남광양시금호동624-13사랑아파트10-104,2004-03-01,N,P054
A471026,039,유정윤,850813-1118303,"광주시 동구 서석동 조선대학교 사학과",2004-03-01,N,P050
A471041,013,조정은,860725-1103028,"대전시 유성구 가정동 236-2 과기대교수@14-101",2004-03-01,N,P008
A471045,028,최정인,850621-1113092,"서울시 서초구 반포2동 18-21 주공@ 234-409",2004-03-01,N,P021
A472021,001,송영준,840628-1112361,서울강남구대치2동은마아파트2동1013호,2004-03-01,Y,P036
A473014,049,박용식,841208-1158846,서울성동구성수동1가706쌍용아파트107-901,2004-03-01,Y,P076
A473015,002,배용원,850223-1127181,NULL,2004-03-01,N,P077
A473017,004,송용준,860203-1141362,"성남시분당구운중동 307직원주택8동3호(정신문화연구소남제고문헌학관 108호)",2004-03-01,N,P052
A473020,049,유용진,841001-1179336,경기화성시태안읍병점리520한일타운101-1402,2004-03-01,N,P102
A473023,020,이용태,861126-1116650,인천시남동구구월동1312-4다산빌라5-101,2004-03-01,N,P026
A474004,011,김세웅,850815-1153946,"경북 포항시 북구 항구동 347-18",2004-03-01,N,P003
A484076,026,차지수,860930-1106355,"전주시 완산구 전동 140-1 전북매일신문",2004-03-01,N,P010
A485088,012,채영준,840219-1171210,"서울시 마포구 합정동 438-15",2004-03-01,N,P083
A486009,036,김지아,861102-2103507,"전북 군산시 조촌동 491 삼성ⓐ 2/1105",2004-03-01,N,P101
A490068,040,정지연,850920-2132455,"전주시 완산구 평화동2가 동아현대A 105-1302",2004-03-01,N,P050
A511003,004,강형택,860120-1144604,"전남순천시언향동호반리젠시빌1차아파트106동302호  T.061-691-5102",2005-03-01,Y,P074
A511005,012,고진형,861126-1161756,"서울 중량구 묵동 신내두산아파트 526-401",2005-03-01,N,P060
A511007,047,공혜경,850402-2110097,"대전시 서구탄방동765한우리@106-602   T.042-484-0020",2005-03-01,N,P016
A511009,006,곽혜리,860707-2150848,대전시서구내동4번지맑은아침@107-1801,2005-03-01,Y,P098
A511018,041,권혜림,860402-2170498,"충북음성대소면태생리346-3(주)한송    T063-221-3256",2005-03-01,Y,P096
A511019,038,기혜미,850101-1129470,"대전시 유성구 덕진동 한국원자력안전기술원 행정부장   T.042-863-2820",2005-03-01,Y,P051
A511029,045,김혜민,870825-2109982,대전시서구만년동103동202호,2005-03-01,N,P047
A511061,003,김혜상,850303-2179516,"부산시 중구 중앙동 4가 89-1 정석빌딩2층 한진해운  T.051-364-2555",2005-03-01,N,P034
A511072,013,김혜연,861215-2152667,"부산시 금정구부곡3동SK@108-2101   T.051-646-9204",2005-03-01,N,P044
A511073,046,김혜영,870904-2110955,"서울시 강남구 논현2동 95-13",2005-03-01,N,P029
A511075,027,김혜영,860930-2143357,"충남 천안시 신부동 509-9번지",2005-03-01,N,P021
A511081,015,김혜원,870723-2115944,"대전시 중구 목동 대아이투빌 106동 102호",2005-03-01,Y,P017
A511082,051,김혜진,870311-1120350,"서울시 송파구 송파동",2005-03-01,N,P004
A511160,021,송호식,850918-1170037,"울산 동구 방어동 911-3번지 우진비둘기",2005-03-01,N,P031
A511166,032,신호욱,870922-1173857,"인천시 연수구 연수2동 615-7호 4층",2005-03-01,N,P080
A511181,015,오진형,851126-1150127,"경기 성남시 수정구 산성동 648",2005-03-01,N,P103
A511188,043,우호일,861008-1100962,"경기도 수원시 팔달구 영통동",2005-03-01,Y,P108
A511225,032,이호준,860505-1142009,NULL,2005-03-01,N,P042
A511230,041,이홍대,871206-1133071,"경북 영주시 휴천3동 개나리아파트 2차 511호",2005-03-01,N,P034
A511240,004,이홍제,860113-1135025,"경기도 고양시 일산구 주엽2동 문촌마을 18단지 대원아파트",2005-03-01,N,P003
A511251,054,이화정,850203-2134232,NULL,2005-03-01,N,P005
A511255,012,임효선,870811-2104897,"서울시 서초구 양재동",2005-03-01,N,P104
A511261,032,장효선,861022-2115110,"서울시 마포구 성산2동",2005-03-01,N,P039
A511269,042,전효선,871030-2176192,"경기도 고양시 덕양구 행신동 178-18금강빌라 가동101호",2005-03-01,Y,P057
A511285,036,조효선,850506-1153103,"서울시 중량구 면목동 374-45번지",2005-03-01,N,P054
A511286,018,조효영,850326-1128158,"인천시 서구 심곡동 259-4 극동아파트 104동 907호",2005-03-01,N,P058
A511300,014,최효정,870715-2119633,"불 명",2005-03-01,N,P035
A511311,040,최효정,870719-2157865,"서울 관악구 봉천3동 37-68번지",2005-03-01,N,P011
A511320,049,한효종,870831-2118394,"목포시 상동 251-16 호반리젠시빌103동908 호",2005-03-01,N,P108
A511332,044,황효종,871125-1129980,"인천시서구 석남동 564-4번지",2005-03-01,Y,P044
A512027,060,김계한,850219-1138113,"서울시 동작구 사당2동 105 극동아파트 103-1601",2005-03-01,N,P056
A512077,033,이곤순,860105-1168681,"서울시 송파구 잠실동 331번지 현대아파트 101-412호",2005-03-01,N,P107
A513013,020,김경륜,870609-1150661,"서울시 영등포구 신길2동 우성아파트 401-1109호",2005-03-01,N,P058
A513016,007,김경민,870101-1116479,"서울시 노원구 하계동 270 현대아파트 103-1503호",2005-03-01,N,P076
A513028,022,김경민,861030-1139882,"강원 원주시 신림면 황둔2리 1545번지",2005-03-01,N,P083
A513035,009,박경애,850315-2142444,"경기도 안산시 본오동 태영아파트 102-108호",2005-03-01,N,P064
A513036,061,박경원,860822-1119894,"부산광역시 동구 범일2동 830-90 한양아파트 1동 208호",2005-03-01,Y,P021
A513065,056,이경택,850714-1109099,"경기도 용인시 상현동 만현마을 LG 자이아파트 902-703",2005-03-01,Y,P106
A513073,057,이경호,851016-1128579,"경기도 광주시 오포읍 능평리 298 PEACE & COLOR",2005-03-01,N,P006
A513074,049,이경호,870228-1175947,"서울시 중구 충무로2가 50-5 태오빌딩 301호",2005-03-01,N,P037
A513079,016,이경환,870721-1161529,"서울시 마포구 서교동 369-21번지",2005-03-01,Y,P025
A513090,045,정경환,850502-1126048,"서울시 서초구 반포동 한신4차아파트 209-1006",2005-03-01,N,P079
A513091,040,정경훈,860602-1132738,"경기도 고양시 일산동구 중산동 산들마을 대림아파트 203-1702호",2005-03-01,N,P080
A513110,038,최경희,851016-2163388,"대구광역시 달서구 월성동 277-3 동서타운아파트 101-1403호",2005-03-01,N,P090
A513119,040,홍경희,860329-2107647,"경기도 광주시 퇴촌면 광동리 206 금성리버빌 101-202호",2005-03-01,N,P056
A515005,007,강지영,861014-2147952,"전주시 덕진구 인후1동 1차 아중대우ⓐ 102/701",2005-03-01,N,P028
A515009,023,공지영,861001-2132521,"전북 완주군 이서면 이문리 부영아파트 101-9032",2005-03-01,N,P096
A515013,052,권지영,851130-2132592,"전북 전주시 완산구 삼천동 1가 598-4",2005-03-01,N,P003
A515015,033,권지완,850807-1114158,"전북 전주시 완산구 평화동2가 현대아파트 101-705",2005-03-01,N,P095
A515028,057,김지용,860302-1161951,"전주시 완산구 서신동 비사벌ⓐ 102-908",2005-03-01,Y,P005
A515029,028,김지운,870221-1123202,"전주시 완산구 평화동 코오롱@ 4/1402",2005-03-01,N,P053
A515051,038,김지원,851102-2147035,"전주시 완산구 중화산동 1가 동신@ 702호",2005-03-01,N,P005
A515066,062,김지원,860402-1128127,전주덕진동산제일문주유소,2005-03-01,Y,P017
A515069,036,김지윤,860505-2155041,"전북 익산시 영등동 268-29",2005-03-01,Y,P074
A515071,050,남지윤,860115-1101070,"전주시 완산구 삼천동 1가 호반리젠시빌 106-1501",2005-03-01,N,P093
A515081,032,민진원,860128-1123683,"경기 시흥시 정왕동 1788 대우아파트 103-904",2005-03-01,N,P021
A515092,061,박지윤,860126-1178016,"전주시 덕진구 인후동1가 531-7",2005-03-01,N,P024
A515122,030,심진아,860115-2121026,"서울 노원구 하계동 270 현대아파트 105-1204",2005-03-01,N,P048
A515126,007,안진영,871010-1168504,"서울시 강남구 대치3동 954-22 민영빌라 302호",2005-03-01,N,P071
A515139,023,유진욱,860108-1162952,"경기 부천시 원미구 중동 1030 금강마을 402-102",2005-03-01,N,P101
A515164,057,이진아,861015-2148519,"서울 구로구 오류동 336 동부아파트 103-1001",2005-03-01,N,P061
A515169,062,이지은,861015-2100397,"전북남원시 인월면 인월중학교",2005-03-01,N,P016
A515190,025,임지은,860505-2132767,"전북 남원시 월락동 서진여자고등학교",2005-03-01,Y,P012
A515212,033,정지은,871230-2107488,"익산시 남중동 543-35",2005-03-01,N,P087
A515222,012,진지현,870320-2113793,"전주시 덕진구 우아동2가 롯데@102동1103호",2005-03-01,N,P054
A515224,042,차지현,870608-2128370,"전주시 덕진구 송천동1가 현대2차아파트 203-1108",2005-03-01,Y,P017
A515239,015,최지현,870118-2172619,경기도안양시평촌동꿈나무라이프101-1106,2005-03-01,N,P052
A515243,048,태지혜,871222-2138661,"경기도 파주시 금촌동 984 새꽃마을 304-501",2005-03-01,N,P081
A517002,054,강승주,870124-1148068,서울양천구신정동신정현대아파트107-1405,2005-03-01,Y,P049
A517020,029,김승진,870217-1171819,서울마포구마포동195-10백산빌딩2층㈜미조건설,2005-03-01,N,P031
A517024,050,김승찬,850521-1134173,인천계양구작전동635-14,2005-03-01,Y,P072
A517038,060,김승표,850610-1158857,경기용인시구성읍보정리신촌마을포스홈타운212-2301,2005-03-01,Y,P020
A517052,019,김승현,870101-1112682,"서울시 은평구 갈현동 496-2   T.02-3156-1700",2005-03-01,N,P024
A517061,060,박승호,860227-1127489,"서울시 은평구 응암동 111-42",2005-03-01,N,P008
A517067,040,박승화,860107-1147047,"경기도 과천시 별양동 44-2",2005-03-01,N,P096
A517069,048,박승환,871015-1164235,"잔주시 완산구 서신동 762-2 성원@ 102동 1401호",2005-03-01,N,P029
A517089,028,신시명,851002-1102095,"전북 완주군 구이면 두현리 554 구이중학교",2005-03-01,Y,P097
A517094,025,오시연,850109-1147399,"익산시 동산동 삼성@ 1-1403",2005-03-01,N,P006
A517099,027,윤시형,861215-1120547,"전주시 효자동 1가 639 거성 소라ⓐ 803호",2005-03-01,Y,P036
A517100,036,윤시환,870517-1114131,서울송파구풍납1동507동아한가람@104-702,2005-03-01,N,P087
A517105,002,이신열,870113-1113489,전주시완산구평화동2가259-12우성신성타운102-706,2005-03-01,N,P028
A517117,047,이아라,850910-2151058,"전북 임실군 임실읍 성가리 35-2 대붕건설",2005-03-01,N,P060
A517173,013,최아랑,860818-2127870,전주시덕진구호성동1가826동아아파트104-1092,2005-03-01,N,P084
A517178,001,한아름,850506-2179659,전주시덕진구우아동3가755-23,2005-03-01,N,NULL
A517180,028,허아름,850511-2100571,"전주시 덕진구 우아동2가 진버들마을 대우2차 207/1401",2005-03-01,N,P089
A519059,046,박재석,850502-1111724,전북정읍시수성동1027부영아파트206-1502,2005-03-01,N,P020
A519132,054,정재석,850317-1136978,전북전주시완산구효자동1가636제일아파트3-304,2005-03-01,N,P071
A519133,038,조재성,850914-1152921,NULL,2005-03-01,N,P025
A519135,027,조재수,851019-1111296,"전주시 덕진구 우아동 3가 럭키ⓐ 3/1503",2005-03-01,N,P076
A519156,012,형재연,850714-1119402,"전주시 진북동 416 우성ⓐ 116/1105",2005-03-01,N,P086
A522037,015,이정호,860524-1130082,"전북남원시금지면 지성리 638",2005-03-01,N,P066
A531005,062,강상훈,850202-1120022,"전주시 덕진구 덕진동 전북대학교 식품영양학과",2005-03-01,Y,P022
A531017,036,권새롬,860303-2103584,"서울시 강북구 수유2동 347-2",2005-03-01,N,P089
A531062,038,김석민,850124-1102753,경기도안산시상록구2동664번지투루지오2차@205/601,2005-03-01,N,P045
A531065,019,김석범,860504-1157724,"서울시 강남구 일원동 수서택지 상록수ⓐ 108/302",2005-03-01,N,P096
A531080,058,김석윤,850113-1120874,경기고양시일산구백석동1140번지백송마을904-1503,2005-03-01,N,P111
A531121,046,박석호,870213-1108300,서울노원구하계동현대아파트102-1107,2005-03-01,N,P086
A531124,020,박석희,850510-1175809,"경기도 평택시 평택동 62-9 박건주 성형외과",2005-03-01,N,P099
A531128,018,박선아,850221-2149159,"서울시 은평구 갈현2동 496-1 서울의원",2005-03-01,N,P034
A531134,010,박선영,870913-2175604,서울강동구길동삼익파크맨션503-1205,2005-03-01,N,P091
A531145,041,박선일,850623-2116230,"의정부시 호원동 459-7 오륜빌딩 호원제일의원",2005-03-01,N,P072
A531193,038,양선주,850703-2121753,경기도안양시만안구박달동107벽산@101-1801,2005-03-01,N,P055
A531218,047,유선주,850310-2151211,서울노원구중계동양지대림아파트103-704,2005-03-01,N,NULL
A531227,027,이선호,850918-2140973,"서울시 은평구 응암4동 694-1 우성ⓐ 102/1305",2005-03-01,N,P026
A531255,043,이선화,870511-2148515,"서울시 관악구 신림9동 28-9신동아@905호",2005-03-01,N,NULL
A531294,034,장미희,850602-2102163,"부산광역시 진구 전포2동 156-8",2005-03-01,N,P004
A531329,004,조미정,870303-2139571,"경기도 성남시 분당구 구미동111 그랜드빌 408-203",2005-03-01,N,P001
A531335,060,조성민,870608-1140410,서울송파구문정동훼미리아파트227-103,2005-03-01,N,P053
A531339,042,조미지,850421-2137939,"인천광역시 부평구 부평3동 283-112번지",2005-03-01,N,P003
A546059,035,조자현,871029-2176437,충북청주시상당구탑동44현대아파트104-604,2005-03-01,N,P101
A547002,051,강윤솔,861225-2138501,"전주시 우아동 럭키ⓐ 7/704",2005-03-01,Y,P011
A547010,017,김윤장,871107-1137147,"전주시 인후동1가 898-3 갈보리교회",2005-03-01,N,P035
A547015,046,김윤정,851129-2118794,전북전주시완산구효자동1가622-6,2005-03-01,N,P063
A547017,003,김윤정,860505-2166824,전북익산시영등동714-1영등신일아파트104동1011호,2005-03-01,N,P106
A547033,015,유윤주,870215-2133707,"전주시 완산구 다가동3가 88 성우비디오",2005-03-01,N,P109
A547035,031,유윤주,851019-2151163,전북전주시완산구동완동408-1,2005-03-01,N,P030
A547038,027,윤윤진,850604-2150209,전주시완산구효자동1가654-2쌍용모악파크빌라502-1305,2005-03-01,N,P056
A547056,049,정윤진,871212-2125438,"경기도 부천시 오정구 원종1동 산27-1 문화ⓐ 307호",2005-03-01,N,P022
A547060,027,조윤진,861125-2178975,경기성남시분당구야탑동536탑마을102-704,2005-03-01,N,P077
A547064,029,주윤진,851028-1140536,서울동대문구답십리동29-42,2005-03-01,N,P052
A551005,044,김은일,860406-1100044,경기수원시영통구매탄동810-1현대아파트102-1502,2005-03-01,N,P016
A551008,061,박은정,860605-2151070,경기고양시일산구일산동1601-1,2005-03-01,N,P006
A551015,008,백은철,860914-1176497,"서울시 동작구 노량진동 신동아리버파크 706-1215",2005-03-01,Y,P099
A551026,060,이은혜,850813-2178245,"경기도 고양시 일산구 일산3동 현대A 303-1404",2005-03-01,N,P027
A551036,010,정의재,850107-1126461,"서울시 강남구 삼성동 9-75 401호",2005-03-01,N,P011
A551040,003,조의조,850101-2150027,인천시부평구산곡동경남@102-1507,2005-03-01,N,P094
A551043,034,최이봄,870916-2173437,경기도안양시동안구호계동1121샘마을한양@118동1002호,2005-03-01,Y,P085
A551044,058,한이정,870330-2178664,"경기도 부천시 원미구 도당동274청운연립가동201호",2005-03-01,N,P030
A554011,021,오재진,871115-1109926,경기도분당구야탑동장미마을현대@805-304,2005-03-01,N,P083
A556015,026,유광규,850304-1163939,"서울시 송파구 풍납동 506 동아한가람아파트 105-1402호",2005-03-01,N,P080
A556039,055,한성호,850518-1101618,"전남 곡성군 옥과면 옥과리 산85 전남과학대 정보통신과??",2005-03-01,Y,P022
A557004,045,김정명,870618-1126403,NULL,2005-03-01,N,P048
A557009,022,김정민,851019-1177341,"서울시 강남구 대치2동 은마 @ 27-901",2005-03-01,N,P006
A557027,057,양정민,860930-1130886,"경기도 성남시 분당구 정자동 정든마을 한진ⓐ 702/602",2005-03-01,N,P067
A557031,059,이정범,860523-1128964,"인천시 북구부개403-756동496 주공ⓐ 110/302",2005-03-01,N,P028
A558039,040,한성철,861210-1172118,"광주시 동구 학동 현대ⓐ 102/106",2005-03-01,N,P076
A571006,020,김정현,860301-2151581,"서울시 영등포구 신길6동 우성@305-207",2005-03-01,N,P046
A572006,021,김영준,860413-1108809,"경기도 성남시 분당구 구미동 까치마을 신원@306-204",2005-03-01,N,P046
A572024,041,임영진,850715-1100699,서울양천구신월동143-14,2005-03-01,N,P028
A573003,036,김용현,850106-1101501,"전남 목포시 용당2동 183번지 문태고등학교",2005-03-01,N,P021
A573004,054,김우빈,860110-1114071,전남완도군노화읍고막리394,2005-03-01,N,P102
A573025,012,윤우석,851102-1160723,전남여수시여서동금호@7-104,2005-03-01,N,P011
A586022,058,김지혜,871225-2146838,"인천서구 마전동 현대아파트 103-1502",2005-03-01,N,P020
A611030,054,김진호,871013-1140536,"경기 부천시 원미구 상동 다정한마을 2130-1104",2006-03-01,Y,P012
A611065,040,김창미,871215-1164167,"서울 금천구 시흥동 삼익아파트 105-2001",2006-03-01,N,P022
A611106,023,박창진,860702-1121118,"서울 관악구 신림동 1703 건영아파트 4-403",2006-03-01,N,P006
A611170,023,안창현,880621-1175296,"경기 수원시 팔달구 인계동 선경3차아파트 302-1401",2006-03-01,N,P054
A611202,036,이창환,870319-1143301,"서울 강서구 외발산동 221 파인캐슬 102",2006-03-01,Y,P062
A612025,033,김광인,870712-1122991,"서울시 송파구 마천2동 금호베스트빌아파트 103-104호",2006-03-01,N,P030
A612052,059,신광현,870103-1144062,"서울시 강남구 역삼2동 역삼푸르지오 101- 301호",2006-03-01,N,P082
A612055,031,염광훈,870702-1137617,"경기도 고양시 일산동구 마두동 755 백마삼성아파트 114-1002호",2006-03-01,N,P021
A615053,057,김지홍,880518-2164626,"경기 고양시 덕양구 화정동 951 별빛마을 1012-505",2006-03-01,N,P080
A615055,034,김지환,860913-1132665,"서울 은평구 응암동 53-13",2006-03-01,N,P111
A615059,025,김지훈,880909-1152399,NULL,2006-03-01,N,P061
A615246,006,황진석,860114-1113205,"서울시 양천구 신월5동 24-8",2006-03-01,Y,P016
A617031,023,김아연,870423-2148218,"전주시 덕진구 서신동 5-10 롯데ⓐ 105동 1505호",2006-03-01,N,P029
A617149,048,정애리,880619-2178428,전북정읍시상동110현대아파트103-802,2006-03-01,N,P092
A631310,056,정성배,860116-1122751,서울동작구흑석동한강현대@110-1302,2006-03-01,N,P047
A631354,035,최성빈,860206-1114760,"서울시 서초구 서초2동 1336 우성@ 6-1103",2006-03-01,N,P051
A631359,008,최민건,870707-1133113,"경기도 성남시 수정구 신흥3동 4212-1 3층",2006-03-01,N,P042
A631380,009,한민우,881118-1163688,"경기도 부천시 소사구 송내동 뉴서울시아파트 106-1602호",2006-03-01,N,P049
A641027,014,릴희권,871222-1124648,NULL,2006-03-01,Y,P029
A641040,047,안희근,870618-1104772,"경기도 수원 영통구 매탄동 1280 주공그린빌 402동504호",2006-03-01,N,P087
A642034,020,최철현,870309-1177347,"경기 성남시 분당구 구미동 까치마을 409-2104",2006-03-01,N,P033
A643006,006,나세진,880519-1127075,"전북 익산시 모현동 1가 현대4차@ 402/304",2006-03-01,N,P005
A646132,038,정영철,870201-1120065,"경기도 과천시 중앙동1번지 정부과천청사법무부 법무과",2006-03-01,Y,P059
A646153,027,황예림,870827-1125599,"서울시 노원구 하계2동 270 현대@109동303호",2006-03-01,N,P077
A650002,014,김윤창,870520-1171035,서울강서구등촌동701미주아파트106-703,2006-03-01,Y,P003
A656014,056,박구영,870304-1132497,"서울시 송파구 방이동 올림픽아파트 101-501호",2006-03-01,N,P103
A671040,007,전정호,860405-1103071,충북청주시흥덕구모충동492금호타운101-1305,2006-03-01,N,P042
A672024,034,안영철,880606-1145235,서울시양천구신월3동43-3,2006-03-01,N,P012
A674033,041,최세정,860225-2139170,"전주시 완산구 평화동 코오롱ⓐ 3동 406호",2006-03-01,N,P071
